UTCTIME,UNIXTIME,ALT,LAT,LON,#SATS,FIX,HORZV,VERTV,HEAD,FLAGS,>40,>32,>24,RSSI,BATT
Apr 17 2021 21:39:33.000 UTC,1618720773.000,2845,34.49500160,-116.95778590,16,3,0,0,-14,0x03,1,11,16,187,3.913
Apr 17 2021 21:39:33.100 UTC,1618720773.100,2845,34.49501430,-116.95778580,16,3,0,0,78,0x03,1,11,16,187,3.913
Apr 17 2021 21:39:33.200 UTC,1618720773.200,2845,34.49501430,-116.95778580,16,3,0,0,-68,0x03,1,12,16,187,3.914
Apr 17 2021 21:39:32.300 UTC,1618720772.300,2845,34.49501410,-116.95778610,16,3,0,0,73,0x03,1,11,16,187,3.913
Apr 17 2021 21:39:32.400 UTC,1618720772.400,2845,34.49501410,-116.95778610,16,3,0,0,-28,0x03,1,11,16,187,3.913
Apr 17 2021 21:39:32.500 UTC,1618720772.500,2845,34.49501410,-116.95778600,16,3,0,0,-2,0x03,1,11,16,187,3.913
Apr 17 2021 21:39:32.600 UTC,1618720772.600,2845,34.49501420,-116.95778600,16,3,0,0,72,0x03,1,11,16,187,3.913
Apr 17 2021 21:39:32.700 UTC,1618720772.700,2845,34.49501420,-116.95778600,16,3,0,0,7,0x03,1,11,16,187,3.913
Apr 17 2021 21:39:32.800 UTC,1618720772.800,2845,34.49501420,-116.95778600,16,3,0,0,18,0x03,1,11,16,187,3.913
Apr 17 2021 21:39:32.900 UTC,1618720772.900,2845,34.49501420,-116.95778590,16,3,0,0,-51,0x03,1,11,16,187,3.913
Apr 17 2021 21:39:34.100 UTC,1618720774.100,2845,34.49501440,-116.95778580,16,3,0,0,54,0x03,1,12,15,187,3.914
Apr 17 2021 21:39:34.200 UTC,1618720774.200,2845,34.49501440,-116.95778580,16,3,0,0,-136,0x03,1,12,15,187,3.914
Apr 17 2021 21:39:33.300 UTC,1618720773.300,2845,34.49501430,-116.95778590,16,3,0,0,57,0x03,1,12,16,187,3.914
Apr 17 2021 21:39:33.400 UTC,1618720773.400,2845,34.49501440,-116.95778580,16,3,0,0,111,0x03,1,11,16,187,3.914
Apr 17 2021 21:39:33.500 UTC,1618720773.500,2845,34.49501440,-116.95778580,16,3,0,0,-122,0x03,1,12,16,187,3.914
Apr 17 2021 21:39:33.600 UTC,1618720773.600,2845,34.49501440,-116.95778590,16,3,0,0,20,0x03,1,12,15,187,3.914
Apr 17 2021 21:39:33.700 UTC,1618720773.700,2845,34.49501440,-116.95778580,16,3,0,0,61,0x03,1,12,16,187,3.914
Apr 17 2021 21:39:33.800 UTC,1618720773.800,2845,34.49501440,-116.95778580,16,3,0,0,-152,0x03,1,12,16,187,3.914
Apr 17 2021 21:39:33.900 UTC,1618720773.900,2845,34.49501440,-116.95778580,16,3,0,0,-88,0x03,1,12,16,187,3.914
Apr 17 2021 21:39:34.000 UTC,1618720774.000,2845,34.49501440,-116.95778580,16,3,0,0,13,0x03,1,12,15,187,3.914
Apr 17 2021 21:39:34.100 UTC,1618720774.100,2845,34.49501440,-116.95778580,16,3,0,0,54,0x03,1,12,15,187,3.914
Apr 17 2021 21:39:34.200 UTC,1618720774.200,2845,34.49501440,-116.95778580,16,3,0,0,-136,0x03,1,12,15,187,3.914
Apr 17 2021 21:39:34.300 UTC,1618720774.300,2845,34.49501440,-116.95778580,16,3,0,0,57,0x03,1,13,15,187,3.914
Apr 17 2021 21:39:34.300 UTC,1618720774.300,2845,34.49501440,-116.95778580,16,3,0,0,57,0x03,1,13,15,187,3.914
Apr 17 2021 21:39:34.400 UTC,1618720774.400,2845,34.49501450,-116.95778580,16,3,0,0,15,0x03,1,12,15,187,3.914
Apr 17 2021 21:39:34.500 UTC,1618720774.500,2845,34.49501450,-116.95778580,16,3,0,0,160,0x03,1,13,15,187,3.914
Apr 17 2021 21:39:34.600 UTC,1618720774.600,2845,34.49501450,-116.95778580,16,3,0,0,0,0x03,1,12,15,187,3.914
Apr 17 2021 21:39:34.700 UTC,1618720774.700,2845,34.49501460,-116.95778580,16,3,0,0,-24,0x03,1,12,15,187,3.914
Apr 17 2021 21:39:34.800 UTC,1618720774.800,2845,34.49501460,-116.95778590,15,3,1,3,-107,0x03,1,13,14,189,3.914
Apr 17 2021 21:39:34.900 UTC,1618720774.900,2845,34.49501480,-116.95778610,16,3,2,1,22,0x03,0,5,15,189,3.914
Apr 17 2021 21:39:35.000 UTC,1618720775.000,2846,34.49501640,-116.95778530,16,3,10,9,26,0x03,0,3,12,189,3.914
Apr 17 2021 21:39:35.100 UTC,1618720775.100,2847,34.49502010,-116.95778420,16,3,15,18,16,0x03,0,1,10,189,3.914
Apr 17 2021 21:39:35.200 UTC,1618720775.200,2848,34.49502130,-116.95778240,16,3,7,23,81,0x03,0,1,11,189,3.912
Apr 17 2021 21:39:35.300 UTC,1618720775.300,2850,34.49502000,-116.95777860,16,3,15,26,111,0x03,0,1,7,189,3.912
Apr 17 2021 21:39:35.400 UTC,1618720775.400,2852,34.49501750,-116.95777790,16,3,10,28,165,0x03,0,1,6,189,3.912
Apr 17 2021 21:39:35.500 UTC,1618720775.500,2854,34.49501110,-116.95777740,16,3,25,31,168,0x03,0,1,6,189,3.912
Apr 17 2021 21:39:35.600 UTC,1618720775.600,2856,34.49500100,-116.95777900,16,3,39,24,-175,0x03,0,1,4,189,3.912
Apr 17 2021 21:39:35.700 UTC,1618720775.700,2856,34.49498380,-116.95777600,15,3,68,17,168,0x03,0,1,4,189,3.912
Apr 17 2021 21:39:35.800 UTC,1618720775.800,2855,34.49496460,-116.95777190,15,3,73,-1,168,0x03,0,2,4,172,3.912
Apr 17 2021 21:39:35.900 UTC,1618720775.900,2857,34.49494070,-116.95776820,15,3,87,13,174,0x03,0,3,4,172,3.912
Apr 17 2021 21:39:36.000 UTC,1618720776.000,2864,34.49491050,-116.95776180,13,3,107,63,170,0x03,0,3,3,172,3.912
Apr 17 2021 21:39:36.100 UTC,1618720776.100,2868,34.49488140,-116.95774940,13,3,113,39,157,0x03,0,2,3,172,3.912
Apr 17 2021 21:39:36.200 UTC,1618720776.200,2867,34.49485130,-116.95772530,13,3,139,12,144,0x03,0,4,5,172,3.912
Apr 17 2021 21:39:36.300 UTC,1618720776.300,2868,34.49481740,-116.95769380,13,3,154,10,141,0x03,1,5,5,172,3.912
Apr 17 2021 21:39:36.400 UTC,1618720776.400,2873,34.49477530,-116.95765560,11,3,183,33,141,0x03,1,5,5,172,3.912
Apr 17 2021 21:39:36.500 UTC,1618720776.500,2880,34.49473110,-116.95761420,11,3,197,52,140,0x03,0,4,5,172,3.912
Apr 17 2021 21:39:36.600 UTC,1618720776.600,2894,34.49467450,-116.95756890,9,3,229,103,144,0x03,0,3,5,172,3.912
Apr 17 2021 21:39:36.700 UTC,1618720776.700,2916,34.49460580,-116.95751890,9,3,265,164,146,0x03,0,4,5,172,3.912
Apr 17 2021 21:39:37.000 UTC,1618720777.000,3055,34.49442740,-116.95733580,8,3,261,534,129,0x03,1,4,5,162,3.912
Apr 17 2021 21:39:37.100 UTC,1618720777.100,3145,34.49438910,-116.95725740,7,3,258,688,119,0x03,2,4,5,162,3.912
Apr 17 2021 21:39:37.300 UTC,1618720777.300,3338,34.49438390,-116.95709950,8,3,230,888,92,0x03,0,3,6,162,3.913
Apr 17 2021 21:39:37.400 UTC,1618720777.400,3436,34.49438720,-116.95702000,8,3,233,929,88,0x03,0,5,6,162,3.913
Apr 17 2021 21:39:37.500 UTC,1618720777.500,3534,34.49439180,-116.95693900,8,3,233,949,86,0x03,0,4,6,162,3.913
Apr 17 2021 21:39:37.600 UTC,1618720777.600,3630,34.49439980,-116.95685670,8,3,233,946,82,0x03,0,5,6,162,3.913
Apr 17 2021 21:39:37.700 UTC,1618720777.700,3727,34.49441540,-116.95677670,8,3,235,943,76,0x03,1,6,7,162,3.913
Apr 17 2021 21:39:37.800 UTC,1618720777.800,3823,34.49443650,-116.95669960,8,3,233,932,71,0x03,2,6,7,156,3.913
Apr 17 2021 21:39:37.900 UTC,1618720777.900,3917,34.49445060,-116.95662720,7,3,213,916,73,0x03,2,4,6,156,3.913
Apr 17 2021 21:39:38.000 UTC,1618720778.000,4009,34.49446350,-116.95655780,7,3,211,902,75,0x03,0,4,6,156,3.913
Apr 17 2021 21:39:38.100 UTC,1618720778.100,4103,34.49450390,-116.95649150,8,3,237,907,58,0x03,1,4,7,156,3.913
Apr 17 2021 21:39:38.200 UTC,1618720778.200,4194,34.49456060,-116.95642510,7,3,272,889,47,0x03,0,4,7,156,3.913
Apr 17 2021 21:39:38.300 UTC,1618720778.300,4286,34.49462000,-116.95635750,7,3,287,875,44,0x03,0,4,7,156,3.913
Apr 17 2021 21:39:38.400 UTC,1618720778.400,4372,34.49465300,-116.95628680,7,3,246,862,56,0x03,0,4,6,156,3.913
Apr 17 2021 21:39:38.500 UTC,1618720778.500,4458,34.49468440,-116.95621630,7,3,234,852,61,0x03,0,4,6,156,3.913
Apr 17 2021 21:39:38.600 UTC,1618720778.600,4544,34.49474280,-116.95614990,7,3,267,845,47,0x03,0,7,7,156,3.913
Apr 17 2021 21:39:38.700 UTC,1618720778.700,4632,34.49478500,-116.95608310,7,3,251,830,50,0x03,1,6,6,156,3.913
Apr 17 2021 21:39:38.800 UTC,1618720778.800,4715,34.49481050,-116.95601690,6,3,217,817,62,0x03,0,4,5,156,3.913
Apr 17 2021 21:39:38.900 UTC,1618720778.900,4801,34.49485560,-116.95595200,7,3,244,811,51,0x03,0,5,7,156,3.913
Apr 17 2021 21:39:39.000 UTC,1618720779.000,4885,34.49491250,-116.95588840,7,3,265,815,45,0x03,0,4,7,156,3.913
Apr 17 2021 21:39:39.100 UTC,1618720779.100,4968,34.49497180,-116.95582520,7,3,274,810,43,0x03,0,3,7,156,3.913
Apr 17 2021 21:39:39.200 UTC,1618720779.200,5052,34.49503640,-116.95576130,10,3,278,800,41,0x03,2,7,10,156,3.911
Apr 17 2021 21:39:39.300 UTC,1618720779.300,5136,34.49510500,-116.95569730,10,3,277,789,41,0x03,2,7,9,156,3.911
Apr 17 2021 21:39:39.400 UTC,1618720779.400,5220,34.49518140,-116.95563440,10,3,274,778,41,0x03,1,8,10,156,3.911
Apr 17 2021 21:39:39.500 UTC,1618720779.500,5304,34.49526090,-116.95557430,10,3,272,767,41,0x03,1,9,10,156,3.911
Apr 17 2021 21:39:39.600 UTC,1618720779.600,5387,34.49533290,-116.95551570,9,3,271,759,41,0x03,1,8,9,156,3.911
Apr 17 2021 21:39:39.700 UTC,1618720779.700,5467,34.49540710,-116.95545820,7,3,268,750,41,0x03,1,5,7,156,3.911
Apr 17 2021 21:39:39.800 UTC,1618720779.800,5548,34.49549190,-116.95540200,7,3,266,742,41,0x03,1,5,7,154,3.911
Apr 17 2021 21:39:39.900 UTC,1618720779.900,5627,34.49559130,-116.95534770,7,3,264,736,41,0x03,1,5,7,154,3.911
Apr 17 2021 21:39:40.000 UTC,1618720780.000,5711,34.49571900,-116.95529480,10,3,263,733,42,0x03,1,4,10,154,3.911
Apr 17 2021 21:39:40.100 UTC,1618720780.100,5792,34.49585540,-116.95524340,9,3,261,723,41,0x03,0,4,8,154,3.911
Apr 17 2021 21:39:40.200 UTC,1618720780.200,5871,34.49598600,-116.95518750,7,3,259,710,41,0x03,1,6,7,154,3.911
Apr 17 2021 21:39:40.300 UTC,1618720780.300,5948,34.49610400,-116.95512570,7,3,257,702,41,0x03,1,5,7,154,3.911
Apr 17 2021 21:39:40.400 UTC,1618720780.400,6026,34.49623110,-116.95506580,7,3,255,695,41,0x03,1,5,7,154,3.911
Apr 17 2021 21:39:40.500 UTC,1618720780.500,6105,34.49636570,-116.95501610,7,3,253,686,41,0x03,2,7,7,154,3.911
Apr 17 2021 21:39:40.600 UTC,1618720780.600,6185,34.49647240,-116.95497580,8,3,252,679,41,0x03,1,7,8,154,3.911
Apr 17 2021 21:39:40.700 UTC,1618720780.700,6256,34.49652820,-116.95491660,7,3,251,673,41,0x03,1,6,7,154,3.911
Apr 17 2021 21:39:40.800 UTC,1618720780.800,6326,34.49658310,-116.95485800,7,3,250,664,41,0x03,2,4,7,154,3.911
Apr 17 2021 21:39:41.600 UTC,1618720781.600,6891,34.49716420,-116.95438290,9,3,238,613,42,0x03,3,9,9,154,3.913
Apr 17 2021 21:39:41.700 UTC,1618720781.700,7003,34.49735820,-116.95444590,10,3,236,604,41,0x03,3,8,10,154,3.913
Apr 17 2021 21:39:41.800 UTC,1618720781.800,7112,34.49755980,-116.95451110,11,3,234,597,41,0x03,2,8,11,154,3.913
Apr 17 2021 21:39:41.900 UTC,1618720781.900,7213,34.49773500,-116.95454210,11,3,233,590,41,0x03,3,8,11,154,3.913
Apr 17 2021 21:39:42.000 UTC,1618720782.000,7307,34.49787300,-116.95453270,11,3,232,584,41,0x03,3,6,11,154,3.913
Apr 17 2021 21:39:42.100 UTC,1618720782.100,7384,34.49799510,-116.95449990,10,3,231,579,41,0x03,2,7,10,154,3.913
Apr 17 2021 21:53:49.200 UTC,1618721629.200,2813,34.50071470,-116.94851070,12,3,0,0,46,0x01,0,5,10,154,3.913
Apr 17 2021 21:39:42.300 UTC,1618720782.300,7538,34.49832790,-116.95429760,11,3,229,567,41,0x03,2,6,11,154,3.913
Apr 17 2021 21:39:42.400 UTC,1618720782.400,7613,34.49846160,-116.95419410,11,3,227,559,41,0x03,1,7,11,154,3.913
Apr 17 2021 21:39:42.500 UTC,1618720782.500,7692,34.49857470,-116.95408400,11,3,226,554,41,0x03,1,9,11,154,3.913
Apr 17 2021 21:39:42.600 UTC,1618720782.600,7774,34.49867880,-116.95399960,9,3,225,548,42,0x03,2,8,9,154,3.913
Apr 17 2021 21:39:42.700 UTC,1618720782.700,7871,34.49877820,-116.95394050,10,3,223,542,42,0x03,2,9,10,154,3.913
Apr 17 2021 21:39:42.800 UTC,1618720782.800,7970,34.49884020,-116.95390300,10,3,222,536,42,0x03,1,9,10,147,3.913
Apr 17 2021 21:39:42.900 UTC,1618720782.900,8061,34.49889480,-116.95387120,12,3,221,531,41,0x03,4,11,12,147,3.913
Apr 17 2021 21:39:43.000 UTC,1618720783.000,8151,34.49894430,-116.95383550,12,3,220,525,41,0x03,3,10,12,147,3.913
Apr 17 2021 21:39:43.100 UTC,1618720783.100,8233,34.49898340,-116.95378640,12,3,219,519,41,0x03,3,10,12,147,3.913
Apr 17 2021 21:39:43.200 UTC,1618720783.200,8310,34.49902000,-116.95372720,13,3,217,513,41,0x03,4,10,13,147,3.911
Apr 17 2021 21:39:43.300 UTC,1618720783.300,8385,34.49905930,-116.95366610,13,3,216,508,41,0x03,4,10,13,147,3.911
Apr 17 2021 21:39:43.400 UTC,1618720783.400,8447,34.49911130,-116.95360500,12,3,215,502,41,0x03,3,9,12,147,3.911
Apr 17 2021 21:39:43.500 UTC,1618720783.500,8508,34.49916660,-116.95354260,12,3,214,497,41,0x03,3,9,12,147,3.911
Apr 17 2021 21:39:43.600 UTC,1618720783.600,8568,34.49922480,-116.95347790,12,3,213,491,41,0x03,3,7,12,147,3.911
Apr 17 2021 21:39:43.700 UTC,1618720783.700,8631,34.49928770,-116.95340470,13,3,212,486,41,0x03,3,7,13,147,3.911
Apr 17 2021 21:39:43.800 UTC,1618720783.800,8696,34.49935160,-116.95333000,13,3,212,480,41,0x03,2,10,13,155,3.911
Apr 17 2021 21:39:43.900 UTC,1618720783.900,8758,34.49941330,-116.95326080,13,3,211,475,41,0x03,2,11,13,155,3.911
Apr 17 2021 21:39:44.000 UTC,1618720784.000,8822,34.49947460,-116.95319550,14,3,210,470,42,0x03,2,11,14,155,3.911
Apr 17 2021 21:39:44.100 UTC,1618720784.100,8890,34.49953850,-116.95313740,13,3,208,465,41,0x03,2,11,13,155,3.911
Apr 17 2021 21:39:44.200 UTC,1618720784.200,8956,34.49958840,-116.95308710,14,3,208,460,42,0x03,2,12,14,155,3.911
Apr 17 2021 21:39:44.300 UTC,1618720784.300,9018,34.49963940,-116.95303760,14,3,207,454,41,0x03,3,14,14,155,3.911
Apr 17 2021 21:39:44.400 UTC,1618720784.400,9083,34.49968800,-116.95298390,14,3,206,450,41,0x03,4,14,14,155,3.911
Apr 17 2021 21:39:44.500 UTC,1618720784.500,9150,34.49973240,-116.95292380,14,3,205,445,42,0x03,4,12,14,155,3.911
Apr 17 2021 21:39:44.600 UTC,1618720784.600,9207,34.49977320,-116.95286640,14,3,204,439,41,0x03,4,12,13,155,3.911
Apr 17 2021 21:39:44.700 UTC,1618720784.700,9262,34.49981260,-116.95280770,13,3,203,435,41,0x03,5,11,12,155,3.911
Apr 17 2021 21:39:44.800 UTC,1618720784.800,9313,34.49985320,-116.95275220,13,3,202,430,41,0x03,5,9,13,152,3.911
Apr 17 2021 21:39:44.900 UTC,1618720784.900,9362,34.49989740,-116.95269670,14,3,201,424,41,0x03,4,10,14,152,3.911
Apr 17 2021 21:39:45.000 UTC,1618720785.000,9409,34.49994180,-116.95264170,14,3,200,420,41,0x03,4,10,14,152,3.911
Apr 17 2021 21:39:45.100 UTC,1618720785.100,9457,34.49998630,-116.95258650,15,3,200,415,41,0x03,3,10,15,152,3.911
Apr 17 2021 21:39:45.200 UTC,1618720785.200,9504,34.50003080,-116.95253210,14,3,199,410,41,0x03,3,8,14,152,3.912
Apr 17 2021 21:39:45.300 UTC,1618720785.300,9550,34.50007520,-116.95247800,15,3,198,406,41,0x03,3,8,15,152,3.912
Apr 17 2021 21:39:45.400 UTC,1618720785.400,9597,34.50012150,-116.95242520,15,3,198,401,42,0x03,1,12,15,152,3.912
Apr 17 2021 21:39:45.500 UTC,1618720785.500,9642,34.50016750,-116.95237400,13,3,197,396,42,0x03,2,13,13,152,3.912
Apr 17 2021 21:39:45.600 UTC,1618720785.600,9688,34.50021370,-116.95232340,13,3,196,392,42,0x03,2,12,13,152,3.912
Apr 17 2021 21:39:45.700 UTC,1618720785.700,9736,34.50026260,-116.95227400,13,3,195,387,42,0x03,3,12,13,152,3.912
Apr 17 2021 21:39:45.800 UTC,1618720785.800,9783,34.50030830,-116.95222800,13,3,194,382,42,0x03,3,12,13,148,3.912
Apr 17 2021 21:39:45.900 UTC,1618720785.900,9831,34.50035360,-116.95218080,14,3,194,378,42,0x03,4,13,14,148,3.912
Apr 17 2021 21:39:46.000 UTC,1618720786.000,9877,34.50039840,-116.95213340,14,3,193,373,42,0x03,5,14,14,148,3.912
Apr 17 2021 21:39:46.100 UTC,1618720786.100,9924,34.50044170,-116.95208530,13,3,192,369,42,0x03,5,12,13,148,3.912
Apr 17 2021 21:39:46.200 UTC,1618720786.200,9970,34.50048420,-116.95203510,14,3,191,364,42,0x03,4,12,14,148,3.912
Apr 17 2021 21:39:46.300 UTC,1618720786.300,10014,34.50052410,-116.95198270,14,3,191,360,42,0x03,4,12,14,148,3.912
Apr 17 2021 21:39:46.400 UTC,1618720786.400,10057,34.50056280,-116.95193030,14,3,190,355,41,0x03,4,11,14,148,3.912
Apr 17 2021 21:39:46.500 UTC,1618720786.500,10098,34.50060140,-116.95187970,14,3,190,351,42,0x03,6,10,14,148,3.912
Apr 17 2021 21:39:46.600 UTC,1618720786.600,10138,34.50064080,-116.95182940,14,3,189,346,41,0x03,5,10,14,148,3.912
Apr 17 2021 21:39:46.700 UTC,1618720786.700,10176,34.50068150,-116.95178070,15,3,188,342,42,0x03,4,12,15,148,3.912
Apr 17 2021 21:39:46.800 UTC,1618720786.800,10214,34.50072210,-116.95173210,15,3,188,338,42,0x03,3,10,15,148,3.912
Apr 17 2021 21:39:46.900 UTC,1618720786.900,10250,34.50076200,-116.95168550,15,3,187,333,42,0x03,3,9,15,148,3.912
Apr 17 2021 21:39:47.000 UTC,1618720787.000,10286,34.50080170,-116.95163920,15,3,186,329,42,0x03,3,10,15,148,3.912
Apr 17 2021 21:39:47.100 UTC,1618720787.100,10322,34.50084180,-116.95159220,15,3,186,325,42,0x03,2,9,15,148,3.912
Apr 17 2021 21:39:47.200 UTC,1618720787.200,10357,34.50088180,-116.95154640,14,3,185,321,42,0x03,2,11,14,148,3.911
Apr 17 2021 21:39:47.300 UTC,1618720787.300,10391,34.50092200,-116.95150180,14,3,185,316,42,0x03,2,12,14,148,3.911
Apr 17 2021 21:39:47.400 UTC,1618720787.400,10425,34.50096220,-116.95145750,14,3,184,312,42,0x03,2,13,14,148,3.911
Apr 17 2021 21:39:47.500 UTC,1618720787.500,10460,34.50100340,-116.95141320,14,3,184,308,42,0x03,2,12,14,148,3.911
Apr 17 2021 21:39:47.600 UTC,1618720787.600,10494,34.50104450,-116.95136950,14,3,183,304,42,0x03,3,12,14,148,3.911
Apr 17 2021 21:39:47.700 UTC,1618720787.700,10530,34.50108620,-116.95132530,15,3,182,300,42,0x03,4,13,15,148,3.911
Apr 17 2021 21:39:47.800 UTC,1618720787.800,10565,34.50112740,-116.95128180,15,3,182,296,42,0x03,3,14,15,148,3.911
Apr 17 2021 21:39:47.900 UTC,1618720787.900,10599,34.50116780,-116.95123760,15,3,181,292,42,0x03,4,15,15,148,3.911
Apr 17 2021 21:39:48.000 UTC,1618720788.000,10634,34.50120760,-116.95119290,15,3,181,288,42,0x03,4,15,15,148,3.911
Apr 17 2021 21:39:48.100 UTC,1618720788.100,10669,34.50124640,-116.95114670,15,3,180,284,42,0x03,5,14,15,148,3.911
Apr 17 2021 21:39:48.200 UTC,1618720788.200,10702,34.50128420,-116.95110080,15,3,180,280,42,0x03,4,13,15,148,3.911
Apr 17 2021 21:39:48.300 UTC,1618720788.300,10735,34.50132190,-116.95105510,15,3,179,276,42,0x03,4,13,15,148,3.911
Apr 17 2021 21:39:48.400 UTC,1618720788.400,10766,34.50135910,-116.95100970,15,3,179,272,42,0x03,6,12,15,148,3.911
Apr 17 2021 21:39:48.500 UTC,1618720788.500,10796,34.50139590,-116.95096570,16,3,178,268,42,0x03,8,12,16,148,3.911
Apr 17 2021 21:39:48.600 UTC,1618720788.600,10825,34.50143280,-116.95092230,16,3,178,264,42,0x03,8,11,16,148,3.911
Apr 17 2021 21:39:48.700 UTC,1618720788.700,10853,34.50146980,-116.95087900,16,3,177,260,42,0x03,5,12,16,148,3.911
Apr 17 2021 21:39:48.800 UTC,1618720788.800,10880,34.50150670,-116.95083640,16,3,177,257,42,0x03,4,12,16,149,3.911
Apr 17 2021 21:39:48.900 UTC,1618720788.900,10907,34.50154360,-116.95079390,16,3,176,252,42,0x03,3,12,16,149,3.911
Apr 17 2021 21:39:49.000 UTC,1618720789.000,10934,34.50158040,-116.95075170,16,3,176,249,42,0x03,3,11,16,149,3.911
Apr 17 2021 21:39:49.100 UTC,1618720789.100,10960,34.50161690,-116.95071010,15,3,175,245,42,0x03,3,11,15,149,3.911
Apr 17 2021 21:39:49.200 UTC,1618720789.200,10985,34.50165340,-116.95066900,15,3,175,241,42,0x03,3,11,15,149,3.911
Apr 17 2021 21:39:49.300 UTC,1618720789.300,11010,34.50168980,-116.95062770,15,3,175,237,42,0x03,4,10,15,149,3.911
Apr 17 2021 21:39:49.400 UTC,1618720789.400,11035,34.50172590,-116.95058690,15,3,174,233,42,0x03,2,9,15,149,3.911
Apr 17 2021 21:39:49.500 UTC,1618720789.500,11059,34.50176200,-116.95054640,15,3,174,229,42,0x03,2,12,15,149,3.911
Apr 17 2021 21:39:49.600 UTC,1618720789.600,11083,34.50179800,-116.95050620,15,3,173,226,42,0x03,3,12,15,149,3.911
Apr 17 2021 21:39:49.700 UTC,1618720789.700,11106,34.50183420,-116.95046620,16,3,173,222,42,0x03,4,13,16,149,3.911
Apr 17 2021 21:39:49.800 UTC,1618720789.800,11130,34.50187050,-116.95042640,15,3,172,218,42,0x03,4,13,15,154,3.911
Apr 17 2021 21:39:49.900 UTC,1618720789.900,11153,34.50190710,-116.95038680,15,3,172,215,42,0x03,3,13,15,154,3.911
Apr 17 2021 21:39:50.000 UTC,1618720790.000,11176,34.50194300,-116.95034820,15,3,172,211,42,0x03,2,14,15,154,3.911
Apr 17 2021 21:39:50.100 UTC,1618720790.100,11197,34.50197850,-116.95030960,15,3,171,208,42,0x03,1,14,15,154,3.911
Apr 17 2021 21:39:50.200 UTC,1618720790.200,11219,34.50201400,-116.95027090,15,3,171,204,42,0x03,0,14,15,154,3.911
Apr 17 2021 21:39:50.300 UTC,1618720790.300,11240,34.50204930,-116.95023230,15,3,170,200,42,0x03,0,14,15,154,3.911
Apr 17 2021 21:39:50.400 UTC,1618720790.400,11260,34.50208450,-116.95019380,15,3,170,196,42,0x03,0,14,15,154,3.911
Apr 17 2021 21:39:50.500 UTC,1618720790.500,11281,34.50211950,-116.95015420,15,3,170,193,42,0x03,4,14,15,154,3.911
Apr 17 2021 21:39:50.600 UTC,1618720790.600,11302,34.50215470,-116.95011480,16,3,169,189,42,0x03,4,14,16,154,3.911
Apr 17 2021 21:39:50.700 UTC,1618720790.700,11323,34.50218990,-116.95007520,16,3,169,186,42,0x03,6,15,16,154,3.911
Apr 17 2021 21:39:50.800 UTC,1618720790.800,11344,34.50222520,-116.95003500,16,3,168,182,42,0x03,6,15,16,145,3.911
Apr 17 2021 21:39:50.900 UTC,1618720790.900,11364,34.50226050,-116.94999460,16,3,168,179,42,0x03,7,14,16,145,3.911
Apr 17 2021 21:39:51.000 UTC,1618720791.000,11384,34.50229520,-116.94995340,16,3,168,175,42,0x03,8,14,16,145,3.911
Apr 17 2021 21:39:51.100 UTC,1618720791.100,11404,34.50232970,-116.94991240,16,3,168,172,42,0x03,8,14,16,145,3.911
Apr 17 2021 21:39:51.200 UTC,1618720791.200,11423,34.50236420,-116.94987140,16,3,167,168,42,0x03,9,14,16,145,3.912
Apr 17 2021 21:39:51.300 UTC,1618720791.300,11442,34.50239860,-116.94983010,16,3,167,165,42,0x03,9,14,16,145,3.912
Apr 17 2021 21:39:51.400 UTC,1618720791.400,11459,34.50243270,-116.94979000,15,3,167,161,42,0x03,7,14,15,145,3.912
Apr 17 2021 21:39:51.500 UTC,1618720791.500,11477,34.50246680,-116.94975000,15,3,166,158,42,0x03,8,14,15,145,3.912
Apr 17 2021 21:39:51.600 UTC,1618720791.600,11494,34.50250080,-116.94971030,15,3,166,154,42,0x03,7,13,15,145,3.912
Apr 17 2021 21:39:51.700 UTC,1618720791.700,11510,34.50253480,-116.94967080,15,3,166,151,42,0x03,5,13,15,145,3.912
Apr 17 2021 21:39:51.800 UTC,1618720791.800,11526,34.50256870,-116.94963180,15,3,166,147,42,0x03,5,14,15,151,3.912
Apr 17 2021 21:39:51.900 UTC,1618720791.900,11541,34.50260260,-116.94959320,15,3,165,144,42,0x03,3,14,15,151,3.912
Apr 17 2021 21:39:52.000 UTC,1618720792.000,11556,34.50263650,-116.94955470,15,3,165,140,42,0x03,3,14,15,151,3.912
Apr 17 2021 21:39:52.100 UTC,1618720792.100,11571,34.50267020,-116.94951650,16,3,165,137,42,0x03,3,14,16,151,3.912
Apr 17 2021 21:39:52.200 UTC,1618720792.200,11585,34.50270390,-116.94947820,16,3,165,133,42,0x03,3,14,16,151,3.912
Apr 17 2021 21:39:52.300 UTC,1618720792.300,11599,34.50273730,-116.94943990,16,3,164,130,42,0x03,3,13,16,151,3.912
Apr 17 2021 21:39:52.400 UTC,1618720792.400,11613,34.50277080,-116.94940190,16,3,164,127,42,0x03,3,13,16,151,3.912
Apr 17 2021 21:39:52.500 UTC,1618720792.500,11626,34.50280410,-116.94936430,16,3,163,123,42,0x03,3,12,16,151,3.912
Apr 17 2021 21:39:52.600 UTC,1618720792.600,11639,34.50283720,-116.94932710,16,3,163,120,42,0x03,4,12,16,151,3.912
Apr 17 2021 21:39:52.700 UTC,1618720792.700,11651,34.50287040,-116.94929010,15,3,163,116,42,0x03,4,12,15,151,3.912
Apr 17 2021 21:39:52.800 UTC,1618720792.800,11663,34.50290370,-116.94925330,15,3,163,113,42,0x03,4,14,15,156,3.912
Apr 17 2021 21:39:52.900 UTC,1618720792.900,11675,34.50293700,-116.94921640,15,3,163,109,42,0x03,4,14,15,156,3.912
Apr 17 2021 21:39:53.000 UTC,1618720793.000,11686,34.50297020,-116.94917950,15,3,162,106,42,0x03,4,13,15,156,3.912
Apr 17 2021 21:39:53.100 UTC,1618720793.100,11698,34.50300370,-116.94914290,15,3,162,102,42,0x03,5,12,15,156,3.912
Apr 17 2021 21:39:53.200 UTC,1618720793.200,11709,34.50303740,-116.94910630,15,3,162,100,42,0x03,6,12,15,156,3.913
Apr 17 2021 21:39:53.300 UTC,1618720793.300,11720,34.50307110,-116.94906980,15,3,162,96,42,0x03,6,12,15,156,3.913
Apr 17 2021 21:39:53.400 UTC,1618720793.400,11730,34.50310470,-116.94903310,15,3,161,93,42,0x03,6,13,15,156,3.913
Apr 17 2021 21:39:53.500 UTC,1618720793.500,11741,34.50313840,-116.94899610,15,3,161,90,42,0x03,5,13,15,156,3.913
Apr 17 2021 21:39:53.600 UTC,1618720793.600,11751,34.50317240,-116.94895940,15,3,161,86,42,0x03,5,13,15,156,3.913
Apr 17 2021 21:39:53.700 UTC,1618720793.700,11761,34.50320640,-116.94892260,15,3,161,83,42,0x03,6,14,15,156,3.913
Apr 17 2021 21:39:53.800 UTC,1618720793.800,11772,34.50324040,-116.94888550,15,3,161,80,42,0x03,6,14,15,154,3.913
Apr 17 2021 21:39:53.900 UTC,1618720793.900,11782,34.50327430,-116.94884840,15,3,160,76,42,0x03,6,13,15,154,3.913
Apr 17 2021 21:39:54.000 UTC,1618720794.000,11791,34.50330830,-116.94881120,15,3,160,73,42,0x03,7,13,15,154,3.913
Apr 17 2021 21:39:54.100 UTC,1618720794.100,11801,34.50334200,-116.94877380,15,3,160,70,42,0x03,9,14,14,154,3.913
Apr 17 2021 21:39:54.200 UTC,1618720794.200,11810,34.50337600,-116.94873660,15,3,160,66,42,0x03,8,14,14,154,3.913
Apr 17 2021 21:39:54.300 UTC,1618720794.300,11818,34.50340990,-116.94869930,15,3,159,63,42,0x03,8,14,15,154,3.913
Apr 17 2021 21:39:54.400 UTC,1618720794.400,11827,34.50344370,-116.94866190,15,3,159,60,42,0x03,8,15,15,154,3.913
Apr 17 2021 21:39:54.500 UTC,1618720794.500,11835,34.50347740,-116.94862460,16,3,159,57,42,0x03,8,16,16,154,3.913
Apr 17 2021 21:39:54.600 UTC,1618720794.600,11842,34.50351040,-116.94858670,16,3,159,53,42,0x03,9,16,16,154,3.913
Apr 17 2021 21:39:54.700 UTC,1618720794.700,11849,34.50354350,-116.94854870,16,3,158,50,42,0x03,9,16,16,154,3.913
Apr 17 2021 21:39:54.800 UTC,1618720794.800,11855,34.50357640,-116.94851080,16,3,158,47,42,0x03,10,16,16,154,3.913
Apr 17 2021 21:39:54.900 UTC,1618720794.900,11862,34.50360920,-116.94847260,16,3,158,44,42,0x03,8,16,16,154,3.913
Apr 17 2021 21:39:55.000 UTC,1618720795.000,11868,34.50364210,-116.94843430,16,3,158,40,42,0x03,8,16,16,154,3.913
Apr 17 2021 21:39:55.100 UTC,1618720795.100,11873,34.50367470,-116.94839610,16,3,158,37,42,0x03,8,16,16,154,3.913
Apr 17 2021 21:39:55.200 UTC,1618720795.200,11878,34.50370730,-116.94835760,16,3,158,34,42,0x03,9,16,16,154,3.912
Apr 17 2021 21:39:55.300 UTC,1618720795.300,11883,34.50373970,-116.94831930,16,3,157,30,42,0x03,9,16,16,154,3.912
Apr 17 2021 21:39:55.400 UTC,1618720795.400,11887,34.50377210,-116.94828110,16,3,157,27,42,0x03,9,15,16,154,3.912
Apr 17 2021 21:39:55.500 UTC,1618720795.500,11891,34.50380440,-116.94824330,16,3,157,24,42,0x03,9,15,16,154,3.912
Apr 17 2021 21:39:55.600 UTC,1618720795.600,11894,34.50383650,-116.94820580,15,3,157,20,42,0x03,8,13,15,154,3.912
Apr 17 2021 21:39:55.700 UTC,1618720795.700,11897,34.50386860,-116.94816880,15,3,156,17,42,0x03,7,13,15,154,3.912
Apr 17 2021 21:39:55.800 UTC,1618720795.800,11899,34.50390050,-116.94813230,15,3,156,14,42,0x03,5,13,15,156,3.912
Apr 17 2021 21:39:55.900 UTC,1618720795.900,11901,34.50393230,-116.94809580,15,3,156,11,42,0x03,5,13,15,156,3.912
Apr 17 2021 21:39:56.000 UTC,1618720796.000,11902,34.50396450,-116.94805990,11,3,160,8,41,0x03,3,9,11,156,3.912
Apr 17 2021 21:39:56.100 UTC,1618720796.100,11903,34.50399920,-116.94802190,14,3,177,6,41,0x03,3,12,14,156,3.912
Apr 17 2021 21:39:56.200 UTC,1618720796.200,11904,34.50403500,-116.94798240,14,3,174,4,42,0x03,3,11,14,156,3.912
Apr 17 2021 21:39:56.300 UTC,1618720796.300,11904,34.50406830,-116.94794400,14,3,161,0,44,0x03,2,11,14,156,3.912
Apr 17 2021 21:39:56.400 UTC,1618720796.400,11904,34.50409680,-116.94790860,14,3,141,-2,47,0x03,3,10,14,156,3.912
Apr 17 2021 21:39:56.500 UTC,1618720796.500,11904,34.50412240,-116.94787580,13,3,131,-2,45,0x03,6,8,13,156,3.912
Apr 17 2021 21:39:56.600 UTC,1618720796.600,11903,34.50414630,-116.94784610,14,3,121,-10,45,0x03,7,10,14,156,3.912
Apr 17 2021 21:39:56.700 UTC,1618720796.700,11902,34.50416860,-116.94781810,14,3,115,-14,45,0x03,6,10,14,156,3.912
Apr 17 2021 21:39:56.800 UTC,1618720796.800,11900,34.50418900,-116.94779190,14,3,103,-20,47,0x03,3,9,14,150,3.912
Apr 17 2021 21:39:56.900 UTC,1618720796.900,11897,34.50420720,-116.94776740,14,3,96,-23,48,0x03,2,7,14,150,3.912
Apr 17 2021 21:39:57.000 UTC,1618720797.000,11895,34.50422480,-116.94774410,14,3,94,-23,46,0x03,0,7,11,150,3.912
Apr 17 2021 21:39:57.100 UTC,1618720797.100,11892,34.50424220,-116.94772240,13,3,88,-24,44,0x03,0,7,11,150,3.912
Apr 17 2021 21:39:57.200 UTC,1618720797.200,11890,34.50425830,-116.94770210,13,3,82,-30,47,0x03,1,8,11,150,3.911
Apr 17 2021 21:39:57.300 UTC,1618720797.300,11886,34.50427320,-116.94768110,13,3,83,-38,49,0x03,1,10,11,150,3.911
Apr 17 2021 21:39:57.400 UTC,1618720797.400,11882,34.50428900,-116.94766010,10,3,86,-44,46,0x03,6,9,9,150,3.911
Apr 17 2021 21:39:57.500 UTC,1618720797.500,11878,34.50430580,-116.94763960,13,3,87,-44,45,0x03,3,12,12,150,3.911
Apr 17 2021 21:39:57.600 UTC,1618720797.600,11873,34.50432290,-116.94761930,12,3,87,-46,44,0x03,2,7,11,150,3.911
Apr 17 2021 21:39:57.700 UTC,1618720797.700,11869,34.50433960,-116.94759910,12,3,82,-49,45,0x03,2,6,12,150,3.911
Apr 17 2021 21:39:57.800 UTC,1618720797.800,11865,34.50435620,-116.94757850,14,3,83,-53,45,0x03,1,8,14,151,3.911
Apr 17 2021 21:39:57.900 UTC,1618720797.900,11861,34.50437290,-116.94755960,13,3,75,-57,39,0x03,0,10,13,151,3.911
Apr 17 2021 21:39:58.000 UTC,1618720798.000,11856,34.50438820,-116.94754530,13,3,64,-49,35,0x03,0,10,13,151,3.911
Apr 17 2021 21:39:58.100 UTC,1618720798.100,11852,34.50440200,-116.94753190,12,3,64,-42,41,0x03,6,12,12,151,3.911
Apr 17 2021 21:39:58.200 UTC,1618720798.200,11848,34.50441380,-116.94751610,12,3,61,-39,51,0x03,5,10,12,151,3.911
Apr 17 2021 21:39:58.300 UTC,1618720798.300,11844,34.50442350,-116.94749890,13,3,62,-47,59,0x03,4,11,13,151,3.911
Apr 17 2021 21:39:58.400 UTC,1618720798.400,11839,34.50443110,-116.94748300,13,3,51,-55,61,0x03,3,13,13,151,3.911
Apr 17 2021 21:39:58.500 UTC,1618720798.500,11834,34.50443780,-116.94746930,10,3,46,-56,57,0x03,8,10,10,151,3.911
Apr 17 2021 21:39:58.600 UTC,1618720798.600,11829,34.50444450,-116.94745650,12,3,45,-53,58,0x03,9,12,12,151,3.911
Apr 17 2021 21:39:59.000 UTC,1618720799.000,11809,34.50446950,-116.94740690,15,3,36,-59,59,0x03,2,13,15,157,3.911
Apr 17 2021 21:40:00.000 UTC,1618720800.000,11755,34.50451760,-116.94731650,14,3,17,-66,51,0x03,0,12,14,160,3.911
Apr 17 2021 21:40:01.000 UTC,1618720801.000,11696,34.50455420,-116.94727860,15,3,17,-64,36,0x03,7,12,15,147,3.911
Apr 17 2021 21:40:02.000 UTC,1618720802.000,11643,34.50459280,-116.94723240,13,3,23,-62,62,0x03,8,11,13,150,3.912
Apr 17 2021 21:40:03.000 UTC,1618720803.000,11571,34.50459420,-116.94717640,15,3,8,-80,80,0x03,0,11,15,156,3.912
Apr 17 2021 21:40:04.000 UTC,1618720804.000,11499,34.50460340,-116.94713150,15,3,16,-70,84,0x03,0,11,15,152,3.911
Apr 17 2021 21:40:05.000 UTC,1618720805.000,11434,34.50459900,-116.94708010,16,3,12,-69,119,0x03,1,10,16,159,3.911
Apr 17 2021 21:40:06.000 UTC,1618720806.000,11369,34.50459550,-116.94704590,16,3,8,-61,59,0x03,0,10,16,153,3.912
Apr 17 2021 21:40:07.000 UTC,1618720807.000,11312,34.50459480,-116.94703520,16,3,3,-70,-87,0x03,6,15,16,157,3.912
Apr 17 2021 21:40:08.000 UTC,1618720808.000,11250,34.50460470,-116.94702950,16,3,3,-68,21,0x03,0,7,16,155,3.911
Apr 17 2021 21:40:09.000 UTC,1618720809.000,11191,34.50461550,-116.94700740,16,3,9,-61,50,0x03,12,15,16,152,3.911
Apr 17 2021 21:40:10.000 UTC,1618720810.000,11131,34.50462300,-116.94696920,16,3,16,-61,90,0x03,7,13,16,148,3.912
Apr 17 2021 21:40:11.000 UTC,1618720811.000,11070,34.50462550,-116.94691500,16,3,12,-66,83,0x03,6,15,16,155,3.912
Apr 17 2021 21:40:12.000 UTC,1618720812.000,11009,34.50460520,-116.94686010,16,3,16,-61,113,0x03,9,14,15,136,3.909
Apr 17 2021 21:40:13.000 UTC,1618720813.000,10952,34.50458920,-116.94680640,16,3,6,-57,103,0x03,2,11,16,145,3.909
Apr 17 2021 21:40:14.000 UTC,1618720814.000,10897,34.50456240,-116.94679300,16,3,13,-58,151,0x03,3,15,16,151,3.912
Apr 17 2021 21:40:15.000 UTC,1618720815.000,10840,34.50453460,-116.94678130,16,3,12,-54,-161,0x03,0,11,16,155,3.912
Apr 17 2021 21:40:16.000 UTC,1618720816.000,10787,34.50451050,-116.94676190,16,3,8,-54,162,0x03,1,14,16,156,3.911
Apr 17 2021 21:40:17.000 UTC,1618720817.000,10730,34.50449090,-116.94676330,15,3,9,-56,-174,0x03,4,12,15,155,3.911
Apr 17 2021 21:40:18.000 UTC,1618720818.000,10674,34.50447330,-116.94678050,16,3,9,-61,-162,0x03,2,14,16,157,3.912
Apr 17 2021 21:40:19.000 UTC,1618720819.000,10614,34.50445290,-116.94679500,16,3,17,-61,-123,0x03,3,16,16,155,3.912
Apr 17 2021 21:40:20.000 UTC,1618720820.000,10553,34.50442410,-116.94681090,16,3,15,-60,-173,0x03,4,14,16,158,3.911
Apr 17 2021 21:40:21.000 UTC,1618720821.000,10494,34.50439480,-116.94682360,16,3,11,-61,-158,0x03,7,15,16,157,3.911
Apr 17 2021 21:40:22.000 UTC,1618720822.000,10431,34.50436480,-116.94684040,16,3,11,-64,-144,0x03,1,12,15,154,3.911
Apr 17 2021 21:40:23.000 UTC,1618720823.000,10365,34.50433720,-116.94685480,16,3,12,-67,-163,0x03,9,15,16,150,3.911
Apr 17 2021 21:40:24.000 UTC,1618720824.000,10299,34.50431020,-116.94686800,16,3,12,-65,179,0x03,4,15,16,156,3.910
Apr 17 2021 21:40:25.000 UTC,1618720825.000,10234,34.50428500,-116.94686680,16,3,3,-64,153,0x03,7,15,16,149,3.910
Apr 17 2021 21:40:26.000 UTC,1618720826.000,10171,34.50426960,-116.94684960,16,3,16,-65,143,0x03,4,14,16,160,3.910
Apr 17 2021 21:40:27.000 UTC,1618720827.000,10106,34.50424160,-116.94681360,16,3,13,-65,133,0x03,0,11,16,158,3.910
Apr 17 2021 21:40:28.000 UTC,1618720828.000,10042,34.50422260,-116.94678280,16,3,10,-64,99,0x03,4,13,16,154,3.909
Apr 17 2021 21:40:29.000 UTC,1618720829.000,9978,34.50421620,-116.94675000,16,3,9,-66,112,0x03,3,15,16,154,3.909
Apr 17 2021 21:40:30.000 UTC,1618720830.000,9911,34.50419990,-116.94672800,16,3,9,-65,157,0x03,7,16,16,158,3.911
Apr 17 2021 21:40:31.000 UTC,1618720831.000,9846,34.50417290,-116.94672000,16,3,9,-63,-172,0x03,4,13,16,156,3.911
Apr 17 2021 21:40:32.000 UTC,1618720832.000,9781,34.50414180,-116.94672310,16,3,12,-62,176,0x03,3,11,16,157,3.909
Apr 17 2021 21:40:33.000 UTC,1618720833.000,9720,34.50410810,-116.94671000,16,3,12,-63,159,0x03,1,11,16,157,3.909
Apr 17 2021 21:40:34.000 UTC,1618720834.000,9657,34.50409040,-116.94668740,16,3,5,-64,86,0x03,7,15,16,156,3.911
Apr 17 2021 21:40:35.000 UTC,1618720835.000,9593,34.50409640,-116.94667180,16,3,5,-65,11,0x03,7,15,16,155,3.911
Apr 17 2021 21:40:36.000 UTC,1618720836.000,9529,34.50409830,-116.94668100,16,3,5,-64,-123,0x03,9,13,16,161,3.911
Apr 17 2021 21:40:37.000 UTC,1618720837.000,9466,34.50407790,-116.94669760,16,3,12,-61,-150,0x03,11,15,16,162,3.911
Apr 17 2021 21:40:38.000 UTC,1618720838.000,9404,34.50404610,-116.94671250,16,3,11,-61,157,0x03,10,13,16,153,3.910
Apr 17 2021 21:40:39.000 UTC,1618720839.000,9340,34.50402010,-116.94669040,16,3,10,-65,138,0x03,5,13,16,152,3.910
Apr 17 2021 21:40:41.000 UTC,1618720841.000,9214,34.50400360,-116.94665580,16,3,0,-65,90,0x03,6,14,16,159,3.909
Apr 17 2021 21:40:42.000 UTC,1618720842.000,9148,34.50399840,-116.94665660,16,3,4,-63,-136,0x03,13,14,16,161,3.911
Apr 17 2021 21:40:43.000 UTC,1618720843.000,9087,34.50397890,-116.94666010,16,3,10,-64,174,0x03,3,14,16,148,3.911
Apr 17 2021 21:40:44.000 UTC,1618720844.000,9023,34.50394530,-116.94664700,16,3,19,-60,149,0x03,9,15,16,155,3.909
Apr 17 2021 21:40:45.000 UTC,1618720845.000,8961,34.50389860,-116.94661910,16,3,17,-63,156,0x03,6,16,16,155,3.909
Apr 17 2021 21:40:46.000 UTC,1618720846.000,8899,34.50386580,-116.94660640,16,3,8,-60,170,0x03,10,16,16,155,3.910
Apr 17 2021 21:40:47.000 UTC,1618720847.000,8838,34.50384880,-116.94661220,16,3,8,-61,-156,0x03,8,14,16,159,3.910
Apr 17 2021 21:40:48.000 UTC,1618720848.000,8775,34.50382240,-116.94663080,16,3,14,-62,-143,0x03,1,12,16,164,3.909
Apr 17 2021 21:40:49.000 UTC,1618720849.000,8713,34.50377860,-116.94666200,16,3,20,-62,-156,0x03,5,11,16,162,3.909
Apr 17 2021 21:40:50.000 UTC,1618720850.000,8651,34.50371500,-116.94668230,16,3,32,-60,-176,0x03,11,14,16,163,3.911
Apr 17 2021 21:40:51.000 UTC,1618720851.000,8587,34.50363730,-116.94667900,16,3,26,-64,-174,0x03,4,14,16,156,3.911
Apr 17 2021 21:40:52.000 UTC,1618720852.000,8525,34.50357930,-116.94666930,16,3,15,-60,171,0x03,5,11,16,153,3.909
Apr 17 2021 21:40:53.000 UTC,1618720853.000,8464,34.50354150,-116.94665890,16,3,15,-62,-175,0x03,5,12,16,162,3.909
Apr 17 2021 21:40:54.000 UTC,1618720854.000,8402,34.50349940,-116.94668130,16,3,21,-61,-152,0x03,1,9,16,165,3.909
Apr 17 2021 21:40:55.000 UTC,1618720855.000,8341,34.50343490,-116.94671110,16,3,27,-60,-165,0x03,5,14,16,163,3.909
Apr 17 2021 21:40:56.000 UTC,1618720856.000,8279,34.50336270,-116.94671370,16,3,25,-61,176,0x03,2,10,16,137,3.909
Apr 17 2021 21:40:57.000 UTC,1618720857.000,8217,34.50330230,-116.94670300,16,3,19,-61,171,0x03,2,11,16,155,3.909
Apr 17 2021 21:40:58.000 UTC,1618720858.000,8154,34.50325310,-116.94670110,16,3,18,-64,-171,0x03,0,7,16,163,3.909
Apr 17 2021 21:40:59.000 UTC,1618720859.000,8089,34.50319870,-116.94671390,16,3,21,-65,-169,0x03,1,10,16,168,3.909
Apr 17 2021 21:41:00.000 UTC,1618720860.000,8022,34.50313530,-116.94672270,16,3,23,-65,-172,0x03,1,12,16,156,3.909
Apr 17 2021 21:41:01.000 UTC,1618720861.000,7958,34.50307310,-116.94673160,16,3,21,-62,-174,0x03,2,10,16,153,3.909
Apr 17 2021 21:41:02.000 UTC,1618720862.000,7895,34.50301330,-116.94673160,16,3,17,-61,177,0x03,9,14,16,158,3.909
Apr 17 2021 21:41:03.000 UTC,1618720863.000,7836,34.50294730,-116.94673110,16,3,23,-54,-176,0x03,6,14,16,157,3.909
Apr 17 2021 21:41:04.000 UTC,1618720864.000,7776,34.50287570,-116.94674270,16,3,24,-60,-168,0x03,6,14,16,160,3.907
Apr 17 2021 21:41:05.000 UTC,1618720865.000,7714,34.50281110,-116.94677670,16,3,24,-61,-154,0x03,0,10,16,163,3.907
Apr 17 2021 21:41:06.000 UTC,1618720866.000,7652,34.50275190,-116.94680860,16,3,22,-61,-160,0x03,2,14,16,165,3.908
Apr 17 2021 21:41:07.000 UTC,1618720867.000,7591,34.50269960,-116.94684420,16,3,19,-60,-151,0x03,2,10,16,154,3.908
Apr 17 2021 21:41:08.000 UTC,1618720868.000,7527,34.50265180,-116.94687010,16,3,20,-65,-163,0x03,4,12,16,158,3.907
Apr 17 2021 21:41:09.000 UTC,1618720869.000,7463,34.50260510,-116.94688940,16,3,15,-63,-156,0x03,4,15,16,154,3.907
Apr 17 2021 21:41:10.000 UTC,1618720870.000,7402,34.50255940,-116.94689100,16,3,21,-57,176,0x03,3,11,16,163,3.909
Apr 17 2021 21:41:11.000 UTC,1618720871.000,7341,34.50249500,-116.94689790,16,3,23,-60,177,0x03,0,12,16,160,3.909
Apr 17 2021 21:41:12.000 UTC,1618720872.000,7281,34.50242500,-116.94692970,16,3,24,-62,-146,0x03,9,15,16,143,3.906
Apr 17 2021 21:41:13.000 UTC,1618720873.000,7220,34.50237800,-116.94698140,16,3,13,-61,-131,0x03,3,14,16,156,3.906
Apr 17 2021 21:41:14.000 UTC,1618720874.000,7159,34.50235640,-116.94699950,16,3,12,-61,-160,0x03,5,12,16,150,3.909
Apr 17 2021 21:41:15.000 UTC,1618720875.000,7098,34.50232220,-116.94700340,16,3,20,-61,-179,0x03,4,12,16,165,3.909
Apr 17 2021 21:41:16.000 UTC,1618720876.000,7034,34.50225890,-116.94700480,16,3,31,-62,-177,0x03,1,11,16,165,3.906
Apr 17 2021 21:41:17.000 UTC,1618720877.000,6971,34.50217930,-116.94703980,16,3,33,-61,-158,0x03,9,15,16,163,3.906
Apr 17 2021 21:41:18.000 UTC,1618720878.000,6912,34.50211260,-116.94707900,16,3,20,-53,-140,0x03,8,15,16,152,3.908
Apr 17 2021 21:41:19.000 UTC,1618720879.000,6851,34.50208020,-116.94710820,16,3,15,-63,-151,0x03,8,15,16,161,3.908
Apr 17 2021 21:41:20.000 UTC,1618720880.000,6791,34.50203680,-116.94710160,15,3,25,-61,176,0x03,10,14,15,163,3.906
Apr 17 2021 21:41:21.000 UTC,1618720881.000,6732,34.50196120,-116.94710140,16,3,33,-57,-173,0x03,0,11,16,161,3.906
Apr 17 2021 21:41:22.000 UTC,1618720882.000,6675,34.50188800,-116.94714740,16,3,33,-58,-148,0x03,1,12,16,164,3.908
Apr 17 2021 21:41:23.000 UTC,1618720883.000,6619,34.50183800,-116.94720370,16,3,15,-58,-138,0x03,6,15,16,155,3.908
Apr 17 2021 21:41:24.000 UTC,1618720884.000,6562,34.50180940,-116.94722550,16,3,16,-55,157,0x03,6,13,16,149,3.906
Apr 17 2021 21:41:25.000 UTC,1618720885.000,6504,34.50174330,-116.94721970,16,3,25,-59,-176,0x03,1,14,16,163,3.906
Apr 17 2021 21:41:26.000 UTC,1618720886.000,6442,34.50167850,-116.94722670,16,3,24,-62,-178,0x03,3,10,16,158,3.908
Apr 17 2021 21:41:27.000 UTC,1618720887.000,6383,34.50160510,-116.94723790,15,3,23,-58,-158,0x03,1,9,15,157,3.908
Apr 17 2021 21:41:28.000 UTC,1618720888.000,6328,34.50156170,-116.94725550,16,3,12,-53,178,0x03,5,13,16,154,3.906
Apr 17 2021 21:41:29.000 UTC,1618720889.000,6273,34.50152600,-116.94723700,16,3,18,-54,148,0x03,6,14,16,157,3.906
Apr 17 2021 21:41:30.000 UTC,1618720890.000,6215,34.50147200,-116.94719670,15,3,24,-57,157,0x03,8,13,15,167,3.908
Apr 17 2021 21:41:31.000 UTC,1618720891.000,6152,34.50140280,-116.94717840,16,3,24,-62,176,0x03,3,14,16,162,3.908
Apr 17 2021 21:41:32.000 UTC,1618720892.000,6085,34.50134280,-116.94717410,15,3,18,-69,-179,0x03,3,10,15,158,3.906
Apr 17 2021 21:41:33.000 UTC,1618720893.000,6015,34.50129910,-116.94717310,16,3,13,-73,174,0x03,4,13,16,157,3.906
Apr 17 2021 21:41:34.000 UTC,1618720894.000,5944,34.50125810,-116.94717070,16,3,15,-69,175,0x03,1,9,15,155,3.906
Apr 17 2021 21:41:35.000 UTC,1618720895.000,5873,34.50121220,-116.94716930,16,3,19,-72,-179,0x03,4,13,16,165,3.906
Apr 17 2021 21:41:36.000 UTC,1618720896.000,5802,34.50116060,-116.94717130,16,3,19,-65,173,0x03,4,12,16,163,3.905
Apr 17 2021 21:41:37.000 UTC,1618720897.000,5739,34.50111100,-116.94718910,16,3,14,-60,-152,0x03,2,10,16,149,3.905
Apr 17 2021 21:41:38.000 UTC,1618720898.000,5680,34.50107580,-116.94721580,15,3,21,-59,-141,0x03,1,7,15,162,3.906
Apr 17 2021 21:41:39.000 UTC,1618720899.000,5617,34.50102640,-116.94726070,15,3,22,-66,-147,0x03,0,14,15,162,3.906
Apr 17 2021 21:41:40.000 UTC,1618720900.000,5550,34.50096810,-116.94728820,15,3,22,-65,-163,0x03,6,15,15,158,3.905
Apr 17 2021 21:41:41.000 UTC,1618720901.000,5485,34.50091990,-116.94729880,16,3,15,-62,174,0x03,7,14,16,157,3.905
Apr 17 2021 21:41:42.000 UTC,1618720902.000,5426,34.50086240,-116.94729450,16,3,22,-58,-179,0x03,7,16,16,167,3.907
Apr 17 2021 21:41:52.000 UTC,1618720912.000,4859,34.50056490,-116.94725080,16,3,10,-52,-74,0x03,3,10,15,128,3.904
Apr 17 2021 21:41:53.000 UTC,1618720913.000,4807,34.50057640,-116.94727850,16,3,8,-54,-61,0x03,6,14,16,157,3.904
Apr 17 2021 21:41:44.000 UTC,1618720904.000,5314,34.50073210,-116.94727840,16,3,21,-54,165,0x03,6,11,15,157,3.905
Apr 17 2021 21:41:45.000 UTC,1618720905.000,5260,34.50067980,-116.94725220,16,3,20,-56,147,0x03,7,13,15,158,3.905
Apr 17 2021 21:41:46.000 UTC,1618720906.000,5202,34.50063810,-116.94721960,16,3,16,-59,148,0x03,5,13,16,156,3.905
Apr 17 2021 21:41:47.000 UTC,1618720907.000,5141,34.50060750,-116.94720270,16,3,9,-60,159,0x03,5,13,16,144,3.905
Apr 17 2021 21:41:48.000 UTC,1618720908.000,5082,34.50058840,-116.94719830,16,3,5,-57,163,0x03,4,10,16,148,3.905
Apr 17 2021 21:41:49.000 UTC,1618720909.000,5027,34.50057850,-116.94719660,15,3,2,-54,-170,0x03,4,14,15,160,3.905
Apr 17 2021 21:41:50.000 UTC,1618720910.000,4970,34.50056870,-116.94719850,16,3,3,-57,-151,0x03,5,14,16,153,3.906
Apr 17 2021 21:41:51.000 UTC,1618720911.000,4913,34.50056290,-116.94721860,15,3,10,-55,-96,0x03,2,11,15,158,3.906
Apr 17 2021 21:41:52.000 UTC,1618720912.000,4859,34.50056490,-116.94725080,16,3,10,-52,-74,0x03,3,10,15,128,3.904
Apr 17 2021 21:41:53.000 UTC,1618720913.000,4807,34.50057640,-116.94727850,16,3,8,-54,-61,0x03,6,14,16,157,3.904
Apr 17 2021 21:41:54.000 UTC,1618720914.000,4753,34.50057930,-116.94731460,16,3,11,-54,-90,0x03,3,14,16,162,3.906
Apr 17 2021 21:41:55.000 UTC,1618720915.000,4698,34.50057220,-116.94735610,16,3,15,-53,-98,0x03,1,9,16,162,3.906
Apr 17 2021 21:41:56.000 UTC,1618720916.000,4646,34.50057620,-116.94740990,15,3,20,-51,-80,0x03,2,8,15,165,3.904
Apr 17 2021 21:41:57.000 UTC,1618720917.000,4593,34.50057900,-116.94748560,15,3,24,-53,-92,0x03,1,7,15,165,3.904
Apr 17 2021 21:41:58.000 UTC,1618720918.000,4539,34.50056890,-116.94756210,14,3,22,-55,-101,0x03,1,8,14,165,3.905
Apr 17 2021 21:41:59.000 UTC,1618720919.000,4482,34.50055270,-116.94763330,15,3,22,-55,-111,0x03,2,9,15,162,3.905
Apr 17 2021 21:42:00.000 UTC,1618720920.000,4427,34.50052220,-116.94769650,15,3,22,-55,-126,0x03,3,10,15,158,3.903
Apr 17 2021 21:42:01.000 UTC,1618720921.000,4370,34.50048890,-116.94774130,15,3,14,-58,-138,0x03,3,15,15,159,3.903
Apr 17 2021 21:42:02.000 UTC,1618720922.000,4312,34.50045830,-116.94776550,16,3,10,-56,-147,0x03,4,11,16,160,3.905
Apr 17 2021 21:42:03.000 UTC,1618720923.000,4257,34.50043690,-116.94777920,15,3,7,-55,-144,0x03,3,8,14,154,3.905
Apr 17 2021 21:42:04.000 UTC,1618720924.000,4200,34.50042270,-116.94779660,16,3,8,-56,-118,0x03,1,13,16,163,3.903
Apr 17 2021 21:42:05.000 UTC,1618720925.000,4142,34.50041010,-116.94782180,16,3,10,-57,-119,0x03,0,10,15,163,3.903
Apr 17 2021 21:42:06.000 UTC,1618720926.000,4085,34.50039750,-116.94786570,15,3,15,-56,-106,0x03,4,13,15,159,3.904
Apr 17 2021 21:42:07.000 UTC,1618720927.000,4029,34.50038350,-116.94792510,15,3,21,-56,-100,0x03,10,14,15,163,3.904
Apr 17 2021 21:42:08.000 UTC,1618720928.000,3974,34.50037500,-116.94800390,15,3,25,-54,-85,0x03,6,14,15,168,3.903
Apr 17 2021 21:42:09.000 UTC,1618720929.000,3919,34.50037690,-116.94810170,15,3,34,-59,-92,0x01,9,14,15,154,3.903
Apr 17 2021 21:42:10.000 UTC,1618720930.000,3858,34.50036890,-116.94820070,15,3,27,-58,-98,0x01,10,15,15,171,3.905
Apr 17 2021 21:42:11.000 UTC,1618720931.000,3802,34.50036010,-116.94829100,15,3,26,-54,-95,0x01,7,12,15,157,3.905
Apr 17 2021 21:42:12.000 UTC,1618720932.000,3749,34.50036250,-116.94837760,16,3,25,-50,-85,0x01,6,14,16,160,3.903
Apr 17 2021 21:42:13.000 UTC,1618720933.000,3699,34.50036880,-116.94845360,15,3,20,-50,-88,0x01,6,14,15,168,3.903
Apr 17 2021 21:42:14.000 UTC,1618720934.000,3647,34.50036420,-116.94851280,16,3,16,-51,-86,0x01,6,14,16,161,3.904
Apr 17 2021 21:42:15.000 UTC,1618720935.000,3596,34.50037030,-116.94856770,16,3,10,-57,-70,0x01,5,14,16,161,3.904
Apr 17 2021 21:42:16.000 UTC,1618720936.000,3553,34.50037020,-116.94860310,16,3,13,-29,-99,0x01,9,15,16,159,3.903
Apr 17 2021 21:42:17.000 UTC,1618720937.000,3542,34.50034100,-116.94864030,14,3,23,-29,-154,0x01,2,12,14,163,3.903
Apr 17 2021 21:42:18.000 UTC,1618720938.000,3519,34.50032340,-116.94859830,15,3,14,-16,75,0x01,1,14,15,162,3.905
Apr 17 2021 21:42:19.000 UTC,1618720939.000,3506,34.50031390,-116.94856020,16,3,13,-12,112,0x01,6,16,16,163,3.905
Apr 17 2021 21:42:20.000 UTC,1618720940.000,3493,34.50031470,-116.94851010,16,3,13,-15,57,0x01,5,11,16,165,3.902
Apr 17 2021 21:42:21.000 UTC,1618720941.000,3479,34.50033410,-116.94848810,14,3,5,-15,22,0x01,3,12,14,161,3.902
Apr 17 2021 21:42:22.000 UTC,1618720942.000,3464,34.50035440,-116.94848160,15,3,8,-16,15,0x01,6,13,15,160,3.904
Apr 17 2021 21:42:23.000 UTC,1618720943.000,3448,34.50038350,-116.94847150,15,3,11,-13,-1,0x01,7,13,15,163,3.904
Apr 17 2021 21:42:24.000 UTC,1618720944.000,3435,34.50041700,-116.94848650,15,3,14,-13,-41,0x01,3,14,15,163,3.902
Apr 17 2021 21:42:25.000 UTC,1618720945.000,3422,34.50044450,-116.94851680,15,3,13,-11,-41,0x01,6,15,15,160,3.902
Apr 17 2021 21:42:26.000 UTC,1618720946.000,3410,34.50046500,-116.94854930,15,3,13,-13,-64,0x01,6,14,15,160,3.903
Apr 17 2021 21:42:27.000 UTC,1618720947.000,3397,34.50047420,-116.94858430,16,3,10,-12,-87,0x01,9,16,16,155,3.903
Apr 17 2021 21:42:28.000 UTC,1618720948.000,3383,34.50046070,-116.94861400,16,3,12,-15,-137,0x01,12,15,16,158,3.903
Apr 17 2021 21:42:29.000 UTC,1618720949.000,3367,34.50043570,-116.94863730,15,3,9,-17,-145,0x01,8,15,15,163,3.903
Apr 17 2021 21:42:30.000 UTC,1618720950.000,3350,34.50041280,-116.94863370,16,3,12,-20,147,0x01,10,15,16,164,3.904
Apr 17 2021 21:42:31.000 UTC,1618720951.000,3329,34.50038450,-116.94859560,15,3,16,-18,117,0x01,7,13,15,157,3.904
Apr 17 2021 21:42:32.000 UTC,1618720952.000,3311,34.50038400,-116.94854550,15,3,15,-16,77,0x01,6,12,15,163,3.903
Apr 17 2021 21:42:33.000 UTC,1618720953.000,3294,34.50040360,-116.94849990,13,3,17,-17,49,0x01,8,13,13,167,3.903
Apr 17 2021 21:42:34.000 UTC,1618720954.000,3275,34.50044620,-116.94847050,15,3,18,-17,17,0x01,8,13,15,168,3.903
Apr 17 2021 21:42:35.000 UTC,1618720955.000,3259,34.50048370,-116.94846300,16,3,9,-15,0,0x01,9,16,16,156,3.903
Apr 17 2021 21:42:36.000 UTC,1618720956.000,3243,34.50050410,-116.94847050,15,3,6,-17,-43,0x01,9,14,15,160,3.902
Apr 17 2021 21:42:37.000 UTC,1618720957.000,3225,34.50050950,-116.94848800,14,3,5,-17,-88,0x01,5,13,14,160,3.902
Apr 17 2021 21:42:38.000 UTC,1618720958.000,3211,34.50050190,-116.94850290,15,3,5,-16,-168,0x01,4,14,15,162,3.903
Apr 17 2021 21:42:39.000 UTC,1618720959.000,3196,34.50048090,-116.94850030,16,3,8,-14,-170,0x01,8,15,16,160,3.903
Apr 17 2021 21:42:40.000 UTC,1618720960.000,3184,34.50045440,-116.94849350,16,3,11,-12,145,0x01,10,15,16,154,3.902
Apr 17 2021 21:42:41.000 UTC,1618720961.000,3173,34.50043980,-116.94845630,14,3,15,-12,86,0x01,7,13,14,161,3.902
Apr 17 2021 21:42:51.000 UTC,1618720971.000,3042,34.50056800,-116.94844470,15,3,14,-15,66,0x01,5,13,15,159,3.902
Apr 17 2021 21:42:52.000 UTC,1618720972.000,3025,34.50059630,-116.94840890,15,3,13,-18,19,0x01,4,14,15,169,3.900
Apr 17 2021 21:42:53.000 UTC,1618720973.000,3008,34.50062400,-116.94841290,15,3,7,-17,-14,0x01,7,14,15,160,3.900
Apr 17 2021 21:42:44.000 UTC,1618720964.000,3134,34.50052480,-116.94837750,16,3,16,-13,-3,0x01,5,15,16,169,3.902
Apr 17 2021 21:42:45.000 UTC,1618720965.000,3120,34.50056380,-116.94839580,13,3,12,-13,-37,0x01,3,12,13,158,3.902
Apr 17 2021 21:42:46.000 UTC,1618720966.000,3106,34.50058620,-116.94842380,14,3,12,-12,-47,0x01,8,13,14,164,3.903
Apr 17 2021 21:42:47.000 UTC,1618720967.000,3093,34.50060800,-116.94845690,14,3,12,-12,-67,0x01,10,13,14,160,3.903
Apr 17 2021 21:42:48.000 UTC,1618720968.000,3081,34.50059910,-116.94848700,15,3,12,-13,-151,0x01,3,12,15,167,3.902
Apr 17 2021 21:42:49.000 UTC,1618720969.000,3070,34.50057310,-116.94849130,15,3,5,-11,-178,0x01,4,11,15,162,3.902
Apr 17 2021 21:42:50.000 UTC,1618720970.000,3058,34.50056680,-116.94848260,14,3,8,-14,106,0x01,6,12,14,152,3.902
Apr 17 2021 21:42:51.000 UTC,1618720971.000,3042,34.50056800,-116.94844470,15,3,14,-15,66,0x01,5,13,15,159,3.902
Apr 17 2021 21:42:52.000 UTC,1618720972.000,3025,34.50059630,-116.94840890,15,3,13,-18,19,0x01,4,14,15,169,3.900
Apr 17 2021 21:42:53.000 UTC,1618720973.000,3008,34.50062400,-116.94841290,15,3,7,-17,-14,0x01,7,14,15,160,3.900
Apr 17 2021 21:42:54.000 UTC,1618720974.000,2989,34.50064010,-116.94841770,14,3,6,-17,-38,0x01,3,10,14,165,3.901
Apr 17 2021 21:42:55.000 UTC,1618720975.000,2969,34.50064750,-116.94844880,15,3,11,-20,-96,0x01,2,13,15,145,3.901
Apr 17 2021 21:42:56.000 UTC,1618720976.000,2951,34.50063550,-116.94847920,15,3,9,-18,-134,0x01,8,13,15,159,3.899
Apr 17 2021 21:42:57.000 UTC,1618720977.000,2930,34.50060800,-116.94849280,15,3,13,-20,-176,0x01,6,14,15,162,3.899
Apr 17 2021 21:42:58.000 UTC,1618720978.000,2910,34.50057140,-116.94849420,14,3,12,-19,-176,0x01,5,13,14,157,3.901
Apr 17 2021 21:42:59.000 UTC,1618720979.000,2891,34.50053330,-116.94848620,15,3,16,-17,157,0x01,8,13,15,151,3.901
Apr 17 2021 21:43:00.000 UTC,1618720980.000,2875,34.50050810,-116.94845830,15,3,6,-18,85,0x01,8,13,15,158,3.900
Apr 17 2021 21:43:07.000 UTC,1618720987.000,2826,34.50054030,-116.94846440,15,3,0,0,-51,0x01,10,13,15,150,3.901
Apr 17 2021 21:43:04.000 UTC,1618720984.000,2825,34.50054470,-116.94846340,15,3,0,0,-85,0x01,5,12,15,150,3.900
Apr 17 2021 21:43:05.000 UTC,1618720985.000,2826,34.50054080,-116.94846540,15,3,0,0,53,0x01,11,13,15,150,3.900
Apr 17 2021 21:43:07.000 UTC,1618720987.000,2826,34.50054030,-116.94846440,15,3,0,0,-51,0x01,10,13,15,150,3.901
